author,journal,doi,title,institution,place_inst,number/vol/measure,web,year,type,type_detail
Antarctic Treaty Consultative Meeting,,,"Management plan for Antarctic Specially Protected Area No.\ 113: Litchfield Island, Arthur Harbor Anvers Island, Palmer Archipelago",{Antarctic Treaty System},"Baltimore, United States",{Measure 4},http://www.ats.aq/documents/recatt/att422_e.pdf,2009,report,{Final Report of the Thirty-second Antarctic Treaty Consultative Meeting}
Antarctic Treaty Consultative Meeting,,,"Management plan for Antarctic Specially Protected Area No.\ 150: Ardley Island, Maxwell Bay, King George Island (25 De Mayo)",{Antarctic Treaty System},"Baltimore, United States",{Measure 9},http://www.ats.aq/documents/recatt/Att427_e.pdf,2009,report,{Final Report of the Thirty-second Antarctic Treaty Consultative Meeting}
"Christine Müller-Schwarze ""Dietland Müller-Schwarze""",{The biology of penguins},978-0333167915,A survey of twenty-four rookeries of pygoscelid penguins in the Antarctic Peninsula region,,"Baltimore, United States",,,1975,book chapter,
"Hans-Ulrich Peter ""Martin Kaiser"" ""Axel Gebauer""","Nationalkomitee für Geodäsie und Geophysik bei der Akad.\ der Wiss.\ der DDR series [1] ""Geodätische und Geophysikalische Veröffentlichungen: 1""",,"Untersuchungen an vögeln und robben auf King George Island: (South Shetland Islands, Antarktis)",,"Berlin, Germany",,,1988,book,
"Wayne Z. Trivelpiece ""S. G. Trivelpiece"" ""G. R. Geupal"" ""J. Kjelmyr"" ""N. J. Volkman""","{Antarctic ecosystems. Ecologic change and conservation} editor [1] ""K. R. Kerry"" ""G. Hempel""",10/978-3-642-84074-6,"Adélie and chinstrap penguins: Their potential as monitors of the southern ocean marine ecosystem""",,"Berlin, Germany",,,1990,book chapter,
Antarctic Treaty Consultative Meeting,,,Final Report of the Thirty-seventh Antarctic Treaty Consultative Meeting,{Antarctic Treaty System},"Brasilia, Brasil",{Measure 11},http://www.ats.aq/documents/recatt/att551_e.pdf,2014,report,{Final Report of the Thirty-seventh Antarctic Treaty Consultative Meeting}
Antarctic Treaty Consultative Meeting,,,Final Report of the Thirty-seventh Antarctic Treaty Consultative Meeting,{Antarctic Treaty System},"Brasilia, Brasil",{Measure 6},http://www.ats.aq/documents/recatt/att546_e.pdf,2014,report,{Final Report of the Thirty-seventh Antarctic Treaty Consultative Meeting}
Eric J. Woehler,Scientific Committee on Antarctic Research (SCAR),,The distribution and abundance of Antarctic and Subantarctic penguins,,"Cambridge, United Kingdom",,,1993,book,
G. Wilson,"Scientific Committee on Antarctic Research (SCAR) series [1] ""{BIOMASS Scientific Series}""",,Distribution and abundance of Antarctic and sub-Antarctic penguins: A synthesis of current knowledge,,"Cambridge, United Kingdom",,,1983,book,
"J. P. Croxall ""E. D. Kirkwood"" isbn [1] ""0856650714""",British Antarctic Survey,,The distribution of penguins on the Antarctic Peninsula and islands of the Scotia Sea,,"Cambridge, United Kingdom",,,1979,book,
"""Philip N. Trathan"" ""F. H. J. Daunt"" ""E. J. Murphy""",British Antarctic Survey,,South Georgia: An ecological atlas,,"Cambridge, United Kingdom",,,1996,book,
Antarctic Treaty Consultative Meeting,,,Final Report of the Forty-fifth Antarctic Treaty Consultative Meeting,{Antarctic Treaty System},"Helsinki, Finland",{Measure 12},https://www.ats.aq/devAS/Meetings/Measure/792,2023,report,{Final Report of the Forty-fifth Antarctic Treaty Consultative Meeting}
Antarctic Treaty Consultative Meeting,,,Final Report of the Forty-fifth Antarctic Treaty Consultative Meeting,{Antarctic Treaty System},"Helsinki, Finland",{Measure 14},https://www.ats.aq/devAS/Meetings/Measure/794,2023,report,{Final Report of the Forty-fifth Antarctic Treaty Consultative Meeting}
Antarctic Treaty Consultative Meeting,,,Final Report of the Forty-fifth Antarctic Treaty Consultative Meeting,{Antarctic Treaty System},"Helsinki, Finland",{Measure 16},https://www.ats.aq/devAS/Meetings/Measure/796,2023,report,{Final Report of the Forty-fifth Antarctic Treaty Consultative Meeting}
Antarctic Treaty Consultative Meeting,,,Final Report of the Forty-fifth Antarctic Treaty Consultative Meeting,{Antarctic Treaty System},"Helsinki, Finland",{Measure 2},https://www.ats.aq/devAS/Meetings/Measure/782,2023,report,{Final Report of the Forty-fifth Antarctic Treaty Consultative Meeting}
Antarctic Treaty Consultative Meeting,,,Final Report of the Forty-fifth Antarctic Treaty Consultative Meeting,{Antarctic Treaty System},"Helsinki, Finland",{Measure 3},https://www.ats.aq/devAS/Meetings/Measure/783,2023,report,{Final Report of the Forty-fifth Antarctic Treaty Consultative Meeting}
"V. M. Smagol ""I. V. Dzhulay"" ""Gennadi P. Milinevsky"" ""E. O. Dykyy""",,,Thirty-seventh Meeting of the Scientific Committee,Commission for the Conservation of Antarctic Marine Living Resources,"Hobart, Australia",SC-CAMLR-XXXVII/BG/06,https://www.ccamlr.org/en/sc-camlr-xxxvii/bg/06,2018,report,{Thirty-seventh Meeting of the Scientific Committee}
"P. H. Ensor ""J. A. Bassett""","Antarctic Division, Department of Science and Technology series [1] ""{ANARE Research Notes}""",,"The breeding status of Adélie penguins and other birds on the coast of George V Land, Antarctica",,"Kingston, Australia",,,1987,book,
R. S. C. Horne,"Antarctic Division, Department of Science and Technology series [1] ""{ANARE Research Notes}""",,"The distribution of penguin breeding colonies on the Australian Antarctic Territory, Heard Island, the McDonald Islands, and Macquarie Island",,"Kingston, Australia",,,1983,book,
"A. Soutullo ""A. L. Machado-Gaye"" ""N. Zaldúa""",,,Working Group on Ecosystem Monitoring and Management,Commission for the Conservation of Antarctic Marine Living Resources,"Kochi, India",WG-EMM-2023/29,,2023,report,{Working Group on Ecosystem Monitoring and Management}
Antarctic Treaty Consultative Meeting,,,Final Report of the Thirty-first Antarctic Treaty Consultative Meeting,{Antarctic Treaty System},"Kyiv, Ukraine",{Measure 1},http://www.ats.aq/documents/recatt/att385_e.pdf,2008,report,{Final Report of the Thirty-first Antarctic Treaty Consultative Meeting}
"Aileen K. Miller ""Elaine S. W. Leung"" ""Wayne Z. Trivelpiece""",,,"AMLR 2004/2005 Field Season Report: Objectives, Accomplishments and Tentative Conclusions","Antarctic Ecosystem Research Division, National Oceanic .&} Atmospheric Administration","La Jolla, United States","{NOAA-TM-NMFS-SWFSC-385, Chapter 7}",https://swfsc.noaa.gov/uploadedFiles/Divisions/AERD/Publications/NOAA-TM-NMFS-SWFSC-385.PDF,2005,report,"{AMLR 2004/2005 Field Season Report: Objectives, Accomplishments and Tentative Conclusions}"
"Elaine S. W. Leung ""Rachael A. Orben"" ""Wayne Z. Trivelpiece""",,,"AMLR 2005/2006 Field Season Report: Objectives, Accomplishments and Tentative Conclusions","Antarctic Ecosystem Research Division, National Oceanic .&} Atmospheric Administration","La Jolla, United States","{NOAA-TM-NMFS-SWFSC-397, Chapter 9}",https://swfsc.noaa.gov/uploadedFiles/Divisions/AERD/Publications/FRS2005.2006p.pdf,2006,report,"{AMLR 2005/2006 Field Season Report: Objectives, Accomplishments and Tentative Conclusions}"
"Iris M. Saxer ""Dana A. Sheffler"" ""Wayne Z. Trivelpiece""",,,"AMLR 2001/2002 Field Season Report: Objectives, Accomplishments and Tentative Conclusions","Antarctic Ecosystem Research Division, National Oceanic .&} Atmospheric Administration","La Jolla, United States","{NOM-TM-NMFS-SWFSC-350, Chapter 6}",https://swfsc.noaa.gov/uploadedFiles/Divisions/AERD/Publications/NOAA-TM-NMFS-SWFSC-350.PDF,2003,report,"{AMLR 2001/2002 Field Season Report: Objectives, Accomplishments and Tentative Conclusions}"
"Jefferson T. Hinke ""George M. Watters""",,,"13 January 2014 weekly field reports: Copacabana, King George Island""","Antarctic Ecosystem Research Division, National Oceanic .&} Atmospheric Administration","La Jolla, United States",Volume 2,,2014,report,
"Jefferson T. Hinke ""George M. Watters""",,,"20 January 2014 weekly field reports: Copacabana, King George Island","Antarctic Ecosystem Research Division, National Oceanic .&} Atmospheric Administration","La Jolla, United States",Volume 3,,2014,report,
"Kevin W. Pietrzak ""James H. Breeden"" ""Aileen K. Miller"" ""Wayne Z. Trivelpiece""",,,"AMLR 2008/2009 Field Season Report: Objectives, Accomplishments and Tentative Conclusions","Antarctic Ecosystem Research Division, National Oceanic .&} Atmospheric Administration","La Jolla, United States","{NOAA-TM-NMFS-SWFSC-445, Chapter 6}",https://swfsc.noaa.gov/uploadedFiles/Divisions/AERD/Publications/TM-445%20Complete.pdf,2009,report,"{AMLR 2008/2009 Field Season Report: Objectives, Accomplishments and Tentative Conclusions}"
"Kevin W. Pietrzak ""McKenzie L. Mudge"" ""Wayne Z. Trivelpiece""",,,"AMLR 2009/2010 Field Season Report: Objectives, Accomplishments and Tentative Conclusions","Antarctic Ecosystem Research Division, National Oceanic .&} Atmospheric Administration","La Jolla, United States","{NOAA-TM-NMFS-SWFSC-470, Chapter 5}",https://swfsc.noaa.gov/uploadedFiles/Divisions/AERD/Publications/TM-470%202009-10.pdf,2011,report,"{AMLR 2009/2010 Field Season Report: Objectives, Accomplishments and Tentative Conclusions}"
"Laina F. Shill ""Michelle Antolos"" ""Wayne Z. Trivelpiece""",,,"AMLR 2002/2003 Field Season Report: Objectives, Accomplishments and Tentative Conclusions","Antarctic Ecosystem Research Division, National Oceanic .&} Atmospheric Administration","La Jolla, United States","{NOAA-TM-NMFS-SWFSC-355, Chapter 8}",https://swfsc.noaa.gov/uploadedFiles/Divisions/AERD/Publications/NOAA-TM-NMFS-SWFSC-355.pdf,2003,report,"{AMLR 2002/2003 Field Season Report: Objectives, Accomplishments and Tentative Conclusions}"
"McKenzie L. Mudge ""Allyson Larned"" ""Jefferson T. Hinke"" ""Wayne Z. Trivelpiece""",,,AMLR 2010--2011 Field Season Report,"Antarctic Ecosystem Research Division, National Oceanic .&} Atmospheric Administration","La Jolla, United States","{NOAA -TM-NMFS-SWFSC-524, Chapter 7}",https://swfsc.noaa.gov/uploadedFiles/Divisions/AERD/Publications/FSR2011_AMLR_FINAL.pdf?n=9809,2014,report,{AMLR 2010--2011 Field Season Report}
"Michael R. Taft ""Iris M. Saxer"" ""Wayne Z. Trivelpiece""",,,"AMLR 2000/2001 Field Season Report: Objectives, Accomplishments and Tentative Conclusions","Antarctic Ecosystem Research Division, National Oceanic .&} Atmospheric Administration","La Jolla, United States","{NOM-TM-NMFS-SWFSC-314, Chapter 7}",https://swfsc.noaa.gov/uploadedFiles/Divisions/AERD/Publications/NOAA-TM-NMFS-SWFSC-314.PDF,2001,report,"{AMLR 2000/2001 Field Season Report: Objectives, Accomplishments and Tentative Conclusions}"
"Michelle Antolos ""Aileen K. Miller"" ""Wayne Z. Trivelpiece""",,,"AMLR 2003/2004 Field Season Report: Objectives, Accomplishments and Tentative Conclusions","Antarctic Ecosystem Research Division, National Oceanic .&} Atmospheric Administration","La Jolla, United States","{NOM-TM-NMFS-SWFSC-367, Chapter 7}",https://swfsc.noaa.gov/uploadedFiles/Divisions/AERD/Publications/NOAA-TM-NMFS-SWFSC-367.PDF,2004,report,"{AMLR 2003/2004 Field Season Report: Objectives, Accomplishments and Tentative Conclusions}"
"Rachael A. Orben ""Sarah E. Chisholm"" ""Aileen K. Miller"" ""Wayne Z. Trivelpiece""",,,"AMLR 2006/2007 Field Season Report: Objectives, Accomplishments and Tentative Conclusions","Antarctic Ecosystem Research Division, National Oceanic .&} Atmospheric Administration","La Jolla, United States","{NOAA-TM-NMFS-SWFSC-409, Chapter 7}",https://swfsc.noaa.gov/uploadedFiles/Divisions/AERD/Publications/FSR%202006-07p.pdf,2007,report,"{AMLR 2006/2007 Field Season Report: Objectives, Accomplishments and Tentative Conclusions}"
"S. G. Trivelpiece ""Alexis Will"" ""Kristen Boysen"" ""Penelope Chilton"" ""Wayne Z. Trivelpiece""",,,AMLR 2010--2011 Field Season Report,"Antarctic Ecosystem Research Division, National Oceanic .&} Atmospheric Administration","La Jolla, United States","{NOAA -TM-NMFS-SWFSC-524, Chapter 6}",https://swfsc.noaa.gov/uploadedFiles/Divisions/AERD/Publications/FSR2011_AMLR_FINAL.pdf?n=9809,2014,report,{AMLR 2010--2011 Field Season Report}
"S. G. Trivelpiece ""Amy Lindsley"" ""Alexis Will"" ""Renee Koplan"" ""Jefferson T. Hinke"" ""Wayne Z. Trivelpiece""",,,"AMLR 2009/2010 Field Season Report: Objectives, Accomplishments and Tentative Conclusions","Antarctic Ecosystem Research Division, National Oceanic .&} Atmospheric Administration","La Jolla, United States","{NOAA-TM-NMFS-SWFSC-470, Chapter 9}",https://swfsc.noaa.gov/uploadedFiles/Divisions/AERD/Publications/TM-470%202009-10.pdf,2011,report,"{AMLR 2009/2010 Field Season Report: Objectives, Accomplishments and Tentative Conclusions}"
"Sarah E. Chisholm ""Kevin W. Pietrzak"" ""Aileen K. Miller"" ""Wayne Z. Trivelpiece""",,,"AMLR 2007/2008 Field Season Report: Objectives, Accomplishments and Tentative Conclusions","Antarctic Ecosystem Research Division, National Oceanic .&} Atmospheric Administration","La Jolla, United States","{NOAA-TM-NMFS-SWFSC-427, Chapter 5}",https://swfsc.noaa.gov/uploadedFiles/Divisions/AERD/Publications/AMLR%2007-08%20%20FSR%20TM-427.pdf,2008,report,"{AMLR 2007/2008 Field Season Report: Objectives, Accomplishments and Tentative Conclusions}"
"Terence Carten ""Michael R. Taft"" ""Wayne Z. Trivelpiece"" ""Rennie S. Holt""",,,"AMLR 1999/2000 Field Season Report: Objectives, Accomplishments and Tentative Conclusions","Antarctic Ecosystem Research Division, National Oceanic .&} Atmospheric Administration","La Jolla, United States","{NOM-TM-NMFS-SWFSC-302, Chapter 7}",https://swfsc.noaa.gov/uploadedFiles/Divisions/AERD/Publications/NOAA-TM-NMFS-SWFSC-302.PDF,2001,report,"{AMLR 1999/2000 Field Season Report: Objectives, Accomplishments and Tentative Conclusions}"
"Terence Carten ""Wayne Z. Trivelpiece"" ""Rennie S. Holt""",,,"AMLR 1998/99 iFeld Season Report: Objectives, Accomplishments and Tentative Conclusions","Antarctic Ecosystem Research Division, National Oceanic .&} Atmospheric Administration","La Jolla, United States","{Administrative Report LJ-99-10, Chapter",https://swfsc.noaa.gov/uploadedFiles/Divisions/AERD/Publications/1988-1989%20FSRp.pdf,1999,report,"{AMLR 1998/99 iFeld Season Report: Objectives, Accomplishments and Tentative Conclusions}"
"W. D. Shuford ""Larry B. Spear""",,,NOAA Technical Memorandum NMFS-F/NEC-59,"Antarctic Ecosystem Research Division, National Oceanic .&} Atmospheric Administration","La Jolla, United States",,,1988,report,{NOAA Technical Memorandum NMFS-F/NEC-59}
"Wayne Z. Trivelpiece ""Penelope Chilton""",,,"25 November 2013 weekly field reports: Copacabana, King George Island","Antarctic Ecosystem Research Division, National Oceanic .&} Atmospheric Administration","La Jolla, United States",Volume 1,,2013,report,
"Wayne Z. Trivelpiece ""Terence Carten"" ""William T. Cobb"" ""Daniel P. Costa"" ""Michael E. Goebel"" ""Rennie S. Holt"" [7] ""Jeremy T. Sterling"" ""Philip H. Thorson""",,,,"Antarctic Ecosystem Research Division, National Oceanic .&} Atmospheric Administration","La Jolla, United States","{Administrative Report LJ-98-07, Chapter",https://swfsc.noaa.gov/uploadedFiles/Divisions/AERD/Publications/LJ-98-07.PDF,1998,report,"{AMLR 1997/98 Field Season Report: Objectives, Accomplishments and Tentative Conclusions}"
"David G. Ainley isbn [1] ""9780231123068""",Columbia University Press,,The Adélie penguin: Bellwether of climate change,,"New York, United States",,,2002,book,
"R. Hucke-Gaete ""D. Torres"" ""V. Vallejos""",,,"Population size and distribution of.\emphPygoscelis antarctica and.\emphP. papua at Cape Shirreff, Livingston Island, Antarctica (1996/97 Season)",Commission for the Conservation of Antarctic Marine Living Resources,"San Diego, United States",{WG-EMM-97/62},,1997,report,{Working Group on Ecosystem Monitoring and Management}
Korean Polar Research Institute,,,"A Study on Monitoring of Antarctic Special Protected Area and Environmental Management of Antarctic Base (6) year [1] ""2020"" attr(,""bibtype"") [1] ""TechReport"" attr(,""key"") [1] ""kpri2020report6"" attr(,""dateobj"") [1] ""2020-01-01 CST""",Ministry of the Environment,"Sejong-si, Republic of Korea",BSPG19040-037-3,,2020,report,
Antarctic Treaty Consultative Meeting,,,"Management plan for Antarctic Specially Protected Area No.\ 104: Sabrina Island, Balleny Island, Antarctic",{Antarctic Treaty System},"Sofia, Bulgaria",{Measure 4},,2015,report,{Final Report of the Thirty-eighth Antarctic Treaty Consultative Meeting}
Eric J. Woehler,,,Status and trends of Antarctic and Subantarctic penguins,SCAR,"Tasmania, Australia",,,2000,report,draft
"""Michael D. Whitehead"" ""Gavin W. Johnstone""","""{Proceedings of the NIPR Symposium on Polar Biology}""","isbn [1] ""0914563X""","The distribution and estimated abundance of Adélie penguins breeding in Prydz Bay, Antarctica""",," ""Tokyo, Japan""",,"http://ci.nii.ac.jp/naid/110001026115/T""",1990,conference paper,
Andrzej Myrcha,"""Department of Antarctic Biology, Polish Academy of Sciences""",,The maritime Antarctic coastal ecosystem of Admiralty Bay ,,"Warsaw, Poland",,,1993,book chapter,
Antarctic Treaty Consultative Meeting,,,"Management plan for Antarctic Specially Protected Area No.\ 117: Avian Island, Marguerite Bay, Antarctic Peninsula",{Antarctic Treaty System},"Warsaw, Poland",{Measure 1},http://www.ats.aq/documents/recatt/att180_e.pdf,2002,report,{Final Report of the Thirty-second Antarctic Treaty Consultative Meeting}
"Alexander Sagalansky ""Heather J. Lynch""",,,Personal communication,,,,,2021,personal communication,
"Andrés Barbosa ""Heather J. Lynch""",,,Personal communication,,,,,2003,personal communication,
"Dean Anderson ""Fiona Shanhun"" ""Rebecca Macneil"" doi [1] ""10.7931/kf06-x745"" field [1] ""Dataset"" note [1] ""{Dataset downloaded on 04/01/22 from https://doi.org/10.7931/kf06-x745}""",,,Aerial survey data of Adélie penguin breeding pairs across 39 colonies from Ross Island to Cape Adare. Count data were collected from 1981 - 2019,,,,https://doi.org/10.7931/kf06-x745,2021,unpublished,
"Dnailo Tapia Perez ""Maureen Lynch""",,,,,,,,2017,personal communication,
"Eric J. Woehler ""Heather J. Lynch""",,,,,,,,2015,personal communication,
"Gemma Clucas ""Heather J. Lynch"" field [1] ""Dataset""",,,UAV imagery collected during 2021-22 field expedition,,,,,2022,unpublished,
"Heather J. Lynch field [1] ""Dataset""",,,Antarctic Site Inventory (ASI): Censuses of penguins and other seabirds dataset,,,,,2022,unpublished,
"Heather J. Lynch field [1] ""Dataset""",,,Stony Brook University Lynch Lab: Censuses of penguins and other seabirds dataset,,,,,2022,unpublished,
"Heather J. Lynch ""Tom Hart"" field [1] ""Dataset""",,,,,,,https://www.zooniverse.org/projects/penguintom79/penguin-watch,2023,unpublished,
"Jefferson T. Hinke doi [1] ""10.25921/58yq-7g68"" field [1] ""Dataset"" note [1] ""{NOAA National Centers for Environmental Information}""",,,Census Data of Colonial Penguins in Antarctica from 1977 to 2015 (NCEI Accession 0185113),,,,https://doi.org/10.25921/58yq-7g68,2019,unpublished,
"Jefferson T. Hinke ""Heather J. Lynch""",,,,,,,,2020,personal communication,
"Jessica Cardè field [1] ""Undergraduate thesis""",,,"Adélie Penguin .\emphPygoscelis adeliae) population trends in Cape Bird, Antarctica, 1956-2009: A response to climate change, competitive release and commercial fishing",,,,,2015,unpublished,
"Malcolm Burley ""A. G. E. Jones"" field [1] ""Monograph""",,,Joint services expedition to the Elephant Group Islands 1976--1977,,,,,1972,unpublished,
"Maria Virgínia Petry ""Heather J. Lynch""",,,,,,,,2018,personal communication,
"Michael J. Dunn ""Camilla Nichol"" ""Jaume Forcada"" ""Philip N. Trathan"" doi [1] ""10.5285/92e92c14-0ff2-4ce2-8305-83d5b3a4071d"" field [1] ""Dataset"" note [1] ""{Polar Data Centre, Natural Environment Research Council, UK Research.& Innovation}""",,,"Population numbers and breeding success of Gentoo penguins .\emphPygoscelis papua) at Port Lockroy, Goudier Island, 1996 - 2020, Version 1.0",,,,https://data.bas.ac.uk/full-record.php?id=GB/NERC/BAS/PDC/01399,2020,unpublished,
"Michael J. Dunn ""Heather J. Lynch""",,,,,,,,2009,personal communication,
"Michael J. Dunn ""Camilla Nichol"" field [1] ""Dataset"" note [1] ""{Accessed by contacting UK Polar Data Centre, Natural Environment Research Council, UK Research.& Innovation}""",,,"Population numbers and breeding success of gentoo penguins .\emphPygoscelis papua) at Port Lockroy, Goudier Island, 2020-23",,,,https://www.zooniverse.org/projects/penguintom79/penguin-watch,2023,unpublished,
"Michelle A. LaRue ""Grant Humphries""",,,,,,,,2018,personal communication,
"Philip N. Trathan ""Heather J. Lynch""",,,,,,,,2009,personal communication,
"Rainer Mönke ""Andreas Bick"" field [1] ""Dataset""",,,"Fachlicher bericht ber die teilnahme der DDR-Biologengruppe an der 31. Sowjetischen Antarktisexpedition (SAE), Station Bellingshausen, King George Island (S dshetland Inseln/Antarktis)",,,,,1988,unpublished,
"Richard Phillips ""Heather J. Lynch""",,,,,,,,2016,personal communication,
"Ron Naveen ""Heather J. Lynch""",,,,,,,,2008,personal communication,
"Ron Naveen field [1] ""Dataset""",,,Antarctic Site Inventory (ASI): Censuses of penguins and other seabirds dataset,,,,,2023,unpublished,
"Wayne Z. Trivelpiece ""Heather J. Lynch""",,,,,,,,2013,personal communication,
"William R. Fraser ""Heather J. Lynch""",,,,,,,,2017,personal communication,
" ""Alex Borowicz"" ""Philip McDowall"" ""Casey Youngflesh"" ""Thomas Sayre-McCord"" ""Gemma Clucas"" ""Rachael Herman"" [7] ""Steve Forrest"" ""Melissa Rider"" ""Mathew R. Schwaller"" ""Tom Hart"" ""Stéphanie Jenouvrier"" ""Michael J. Polito"" [13] ""Hanumant Singh"" ""Heather J. Lynch""","Scientific Reports number [1] ""1"" pages [1] ""3926""",10.1038/s41598-018-22313-w,Multi-modal survey of Adélie penguin mega-colonies reveals the Danger Islands as a seabird hotspot,,,,https://doi.org/10.1038/s41598-018-22313-w,2018,article,
" ""Peter T. Fretwell"" ""Michelle A. LaRue"" ""Paul Morin"" ""Gerald L. Kooyman"" ""Barbara Wienecke"" ""Norman Ratcliffe"" ""Adrian J. Fox"" [8] ""Andrew H. Fleming"" ""Claire Porter"" ""Philip N. Trathan""","PLOS One number [1] ""4"" pages [1] ""e33751""",10.1371/journal.pone.0033751,"An emperor penguin population estimate: The first global, synoptic survey of a species from space",,,,http://dx.doi.org/10.1371/journal.pone.0033751,2012,article,
" ""Philip N. Trathan"" ""Barbara Wienecke"" ""Christophe Barbraud"" ""Stéphanie Jenouvrier"" ""Gerald L. Kooyman"" ""Céline Le Bohec"" [7] ""David G. Ainley"" ""André Ancel"" ""Daniel P. Zitterbart"" ""Steven L. Chown"" ""Michelle A. LaRue"" ""Robin Cristofari"" [13] ""Jane Younger"" ""Gemma Clucas"" ""Charles-André Bost"" ""Jennifer A. Brown"" ""Harriet J. Gillet"" ""Peter T. Fretwell""","Biological Conservation pages [1] ""108216""",10.1016/j.biocon.2019.108216,The emperor penguin--Vulnerable to projected rates of warming and sea ice loss,,,,https://doi.org/10.1016/j.biocon.2019.108216,2020,article,
" ""І. V. Dykyy"" ""Gennadi P. Milinevsky"" ""О. L. Savitsky"" ""D. G. Lutsenko"" ""P. B. Khoetsky"" [6] ""M. F. Veselsky"" ""V. M. Smagol"" ""E. O. Dykyy"" ""A. О. Dzhulay"" ""J. V. Tsaryk"" [11] ""K. M. Nazaruk"" ""A. T. Zatushevsky"" ""A. O. Simon"" ""M. A. Telipska""","Ukrainian Antarctic Journal number [1] ""17"" pages [1] ""130--147""",,Features of chronology and breeding success of Pygoscelis papua and P. аdeliae (Spheniscidae) penguins in the Wilhelm Archipelago (CCAMLR Subarea 48.1),,,,,2018,article,
" ""Akiko Kato"" ""Yan Ropert-Coudert""","Polar Bioscience pages [1] ""55--62""",,Rapid increase in Adélie penguin populations in the Lützow-Holm Bay area since the mid 1990s,,,,http://docyaounde.free.fr/stock/pdf/akiko07polarbiosci.pdf,2006,article,
" ""Akiko Kato"" ""Hideo Ichikawa""","Polar Bioscience pages [1] ""36--39""",10.15094/00006128,"Breeding status of Adélie and emperor penguins in the Mt. Riiser-Larsen area, Amundsen Bay",,,,http://ci.nii.ac.jp/naid/110000035855/en,1999,article,
" ""Alejandro R. Carlini"" ""Néstor R. Coria"" ""María Mercedes Santos"" ""Javier Negrete"" ""Mariana A. Juáres"" [6] ""G. A. Daneri""","Polar Biology number [1] ""10"" pages [1] ""1427--1433""",10.1007/s00300-009-0637-y,Responses of Pygoscelis adeliae and P. papua populations to environmental changes at Isla 25 de Mayo (King George Island),,,,http://dx.doi.org/10.1007/s00300-009-0637-y,2009,article,
" ""Amanda S. Lynnes"" ""K. Reid"" ""J. P. Croxall""","Polar Biology keywords [1] ""https://doi.org/10.1007/s00300-004-0617-1"" pages [1] ""544--554""",10.1007/s00300-004-0617-1,Diet and reproductive success of Adélie and chinstrap penguins: Linking response of predators to prey population dynamics,,,,https://doi.org/10.1007/s00300-004-0617-1,2004,article,
" ""Andrzej Myrcha"" ""Andrzej Tatur"" ""Rodolfo del Valle""","Polish Polar Research number [1] ""4"" pages [1] ""411--422""",,Numbers of Adélie penguins breeding at Hope Bay and Seymour Island rookeries (West Antarctica) in 1985,,,,,1987,article,
" ""Barbara Wienecke""","Polar Biology number [1] ""9"" pages [1] ""1289--1296""",10.1007/s00300-012-1172-9,Emperor penguins at the West Ice Shelf,,,,https://doi.org/10.1007/s00300-012-1172-9,2012,article,
" ""Bolesław Jabłoński""","Polish Polar Research number [1] ""1--2"" pages [1] ""17--30""",,Distribution and numbers of penguins in the region of King George Island (South Shetland Islands in the breeding season 1980/1981*),,,,,1984,article,
" ""Bolesław Jabłoński""","Polish Polar Research number [1] ""1--2"" pages [1] ""5--16""",,"Distribution, number and breeding preferences of penguins in the region of the Admiralty Bay (King George Islands, South Shetland Islands in the season 1979/80*)",,,,,1984,article,
" ""C. A. Aguirre""","Marine Ornithology number [1] ""1"" pages [1] ""23--31""",,"Distribution and abundance of birds at Potter Peninsula, 25 de Mayo (King George) Island, South Shetland Islands, Antarctica",,,,http://marineornithology.org/PDF/23_1/MO_1995_04.pdf,1995,article,
" ""C. A. Aguirre"" ""J. M. Acero""","Marine Ornithology number [1] ""2"" pages [1] ""129--134""",,"Distribution and abundance of birds in the Errera Channel, Antarctic Peninsula, during the 1992/93 breeding season",,,,http://marineornithology.org/PDF/23_2/23_2_5.pdf,1995,article,
" ""C. J. R. Robertson"" ""J. R. Gilbert"" ""A. W. Erickson""","National Museum of New Zealand Records number [1] ""16"" pages [1] ""271--279""",,"Birds and seals of the Balleny Islands, Antarctica",,,,,1980,article,
" ""Cesar Garcia Esponda"" ""Néstor R. Coria"" ""Diego Montalti""","Marine Ornithology number [1] ""1"" pages [1] ""59--62""",,"Breeding birds at Halfmoon Island, South Shetland Islands, Antarctica, 1995/96",,,,http://www.marineornithology.org/PDF/28_1/28_1_9.pdf,2000,article,
" ""Christian Pfeifer"" ""Andrés Barbosa"" ""Osama Mustafa"" ""Hans-Ulrich Peter"" ""Marie-Charlott Rümmler"" [6] ""Alexander Brenning""","Drones number [1] ""2"" pages [1] ""39""",10.3390/drones3020039,"Using fixed-wing UAV for detecting and mapping the distribution and abundance of penguins on the South Shetlands Islands, Antarctica",,,,https://doi.org/10.3390/drones3020039,2019,article,
" ""Christophe Barbraud"" ""Karine C. Delord"" ""Charles-André Bost"" ""Adrien Chaigne"" ""Cédric Marteau"" ""Henri Weimerskirch""","Polar Biology pages [1] ""835--850""",10.1007/s00300-020-02691-6,Population trends of penguins in the French Southern Territories,,,,https://doi.org/10.1007/s00300-020-02691-6,2020,article,
" ""Christophe Barbraud"" ""Karine C. Delord"" ""T. Micol"" ""P. Jouventin""","Polar Biology number [1] ""3"" pages [1] ""146--150""",10.1007/s003000050345,"First census of breeding seabirds between Cap Bienvenue (Terre Adélie) and Moyes Islands (King George V Land), Antarctica: New records for Antarctic seabird populations",,,,http://dx.doi.org/10.1007/s003000050345,1999,article,
" ""Colin Southwell"" ""Louise Emmerson""","Marine Ornithology pages [1] ""87--89""",,"First population counts at newly discovered Adélie penguin Pygoscelis adeliae breeding sites along the Wilhelm II, Queen Mary and Wilkes Land coastlines, East Antarctica",,,,http://www.marineornithology.org/PDF/41_2/41_2_87-89.pdf,2013,article,
" ""D. F. Parmalee"" ""C. C. Rimmer""","British Antarctic Survey Bulletin pages [1] ""65--73""",,"Revised penguin numbers and distributions for Anvers Island, Antarctica",,,,,1987,article,
" ""D. V. Pylypenko""","Ukrainian Antarctic Journal pages [1] ""206--216""",,Colonial bird species nesting in the UAS AREA Vernadsky (2010-2011),,,,,2013,article,
" ""D.A. Croll"" ""D.A. Demer"" ""R.P. Hewitt"" ""J.K. Jansen"" ""Michael E. Goebel"" ""B.R. Tershy""","Journal of Zoology number [1] ""4"" pages [1] ""506--513""",10.1111/j.1469-7998.2006.00090.x,Effects of variability in prey abundance on reproduction and foraging in chinstrap penguins (Pygoscelis antarctica),,,,https://doi.org/10.1111/j.1469-7998.2006.00090.x,2006,article,
" ""David G. Ainley"" ""Robert C. Wood"" ""William J. L. Sladen""","The Wilson Bulletin number [1] ""4"" pages [1] ""492--510""",,"Bird life at Cape Crozier, Ross Island",,,,https://www.jstor.org/stable/4161120,1978,article,
" ""David Wilson"" ""Rhonda Pike"" ""Darren Southwell"" ""Colin Southwell""","Antarctic Science number [1] ""06"" pages [1] ""591--592""",10.1017/S0954102009990307,"A systematic survey of breeding Adélie penguins (Pygoscelis adeliae) along the Mawson and Kemp Land coasts, East Antarctica: New colonies and population counts",,,,http://dx.doi.org/10.1017/S0954102009990307,2009,article,
" ""Diego González-Zevallos"" ""María Mercedes Santos"" ""Emilce F. Rombolá"" ""Mariana A. Juáres"" ""Néstor R. Coria""","Polar Research number [1] ""0"" pages [1] ""1--7""",10.3402/polar.v32i0.11133,"Abundance and breeding distribution of seabirds in the northern part of the Danco Coast, Antarctic Peninsula",,,,http://dx.doi.org/10.3402/polar.v32i0.11133,2013,article,
" ""Diego Montalti"" ""Guillermo E. Soave""","Ornitologia Neotropical pages [1] ""267--271""",,"The birds of Seymour Island, Antarctica",,,,http://132.248.13.1/pdf/links/neo/rev13/vol_13_3/orni_13_3_267-272.pdf,2002,article,
" ""Eric J. Woehler"" ""D. J. Slip"" ""L. M. Robertson"" ""P. J. Fullagar"" ""H. R. Burton""","Marine Ornithology number [1] ""1"" pages [1] ""1--18""",,"The distribution, abundance and status of Adélie penguins Pygoscelis adeliae at the Windmill Islands, Wilkes Land, Antarctica",,,,http://marineornithology.org/PDF/19/MO_1991_01.pdf,1991,article,
" ""Eric J. Woehler"" ""J. P. Croxall""","Marine Ornithology number [1] ""1"" pages [1] ""43--66""",,The status and trends of Antarctic and sub-Antarctic seabirds,,,,http://www.marineornithology.org/PDF/25/25_8.pdf,1997,article,
" ""G. Lesiński""","Polish Polar Research number [1] ""1"" pages [1] ""75--89""",,Monitoring of birds and pinnipedians on King George Island (South Shetland Islands) in 1989/1990,,,,,1993,article,
" ""G. M. Heimark"" ""R. J. Heimark""","Antarctic Journal of the United States number [1] ""4"" pages [1] ""14--17""",,Observations of birds and marine mammals at Palmer Station November 1985 to November 1986,,,,https://s3.amazonaws.com/Antarctica/AJUS/AJUSvXXIIIn3.pdf,1988,article,
" ""Gerald L. Kooyman"" ""P. J. Ponganis""","Antarctic Science pages [1] ""1--8""",10.1017/S0954102016000559,Rise and fall of Ross Sea emperor penguin colony populations: 2000 to 2012,,,,http://dx.doi.org//10.1017/S0954102016000559,2016,article,
" ""Graham Robertson""","Polar Record number [1] ""160"" pages [1] ""61--61""",10.1017/S0032247400019938,Kidson Island: A breeding site for Antarctic fulmars,,,,http://dx.doi.org/10.1017/S0032247400019938,1991,article,
" ""Hans-Ulrich Peter"" ""Rudolf Bannasch"" ""Andreas Bick"" ""Axel Gebauer"" ""Martin Kaiser"" ""Rainer Mönke"" ""Detlev Zippel""","Wissenschaftliche Zeitschrift: Naturwissenschaftliche Reihe pages [1] ""645--657""",,"Bestand und Reproduktion ausgewählter antarktischer Vögel und Robben im Siidwestteil von King George Island, South Shetland Islands",,,,,1989,article,
" ""Heather J. Lynch"" ""Mathew R. Schwaller""","PLOS One number [1] ""11"" pages [1] ""e113301""",10.1371/journal.pone.0113301,Mapping the abundance and distribution of Adélie penguins using Landsat-7: First steps towards an integrated multi-sensor pipeline for tracking populations at the continental scale,,,,https://doi.org/10.1371/journal.pone.0113301,2014,article,
" ""Heather J. Lynch"" ""Michelle A. LaRue""","The Auk number [1] ""4"" pages [1] ""457--466""",10.1642/AUK-14-31.1,First global census of the Adélie Penguin,,,,http://dx.doi.org/10.1642/AUK-14-31.1,2014,article,
" ""Heather J. Lynch"" ""Ron Naveen"" ""Paula Casanovas""","Ecology number [1] ""11"" pages [1] ""2653--2653""",10.1890/13-1108.1,"Antarctic Site Inventory breeding bird survey data, 1994-2013: Ecological Archives E094-243",,,,http://dx.doi.org/10.1890/13-1108.1,2013,article,
" ""Heather J. Lynch"" ""William F. Fagan"" ""Ron Naveen""","Polar Biology number [1] ""4"" pages [1] ""493--503""",10.1007/s00300-009-0726-y,Population trends and reproductive success at a frequently visited penguin colony on the western Antarctic Peninsula,,,,http://dx.doi.org/10.1007/s00300-009-0726-y,2010,article,
" ""Hong He"" ""Xiao Cheng"" ""Xianglan Li"" ""Renbin Zhu"" ""Fengming Hui"" ""Wenhui Wu"" ""Tiancheng Zhao"" ""Jing Kang"" [9] ""Jianwu Tang""","Scientific Reports number [1] ""1"" pages [1] ""1--11""",10.1038/s41598-017-13380-6,"Aerial photography based census of Adélie penguin and its application in CH4 and N2O budget estimation in Victoria Land, Antarctic",,,,https://doi.org/10.1038/s41598-017-13380-6,2017,article,
" ""J. A. Bassett"" ""Eric J. Woehler"" ""P. H. Ensor"" ""K. R. Kerry"" ""Gavin W. Johnstone""","Emu number [1] ""1"" pages [1] ""58""",10.1071/MU9900058,"Adélie penguins and Antarctic petrels at Mount Biscoe, Western Enderby Land, Antarctica",,,,http://dx.doi.org/10.1071/MU9900058,1990,article,
" ""J. Clarke"" ""Louise Emmerson"" ""A. Townsend"" ""K. R. Kerry""","CCAMLR Science pages [1] ""53--74""",,Demographic characteristics of the Adélie penguin population on Béchervaise Island after 12 years of study,,,,https://www.ccamlr.org/en/publications/science_journal/ccamlr-science-volume-10/ccamlr-science-volume-1053-74,2003,article,
" ""J. P. Croxall"" ""D. M. Rootes"" ""R. A. Price""","British Antarctic Survey Bulletin pages [1] ""47--56""",,"Increases in penguin populations at Signy Island, South Orkney Islands",,,,,1981,article,
" ""J. R. Jehl"" ""F. S. Todd""","Antarctic Journal of the United States number [1] ""5"" pages [1] ""171--172""",,"A census of the Adélie penguin colony on Paulet Island, Weddell Sea",,,,https://s3.amazonaws.com/Antarctica/AJUS/AJUSvXXn5.pdf,1985,article,
" ""Jefferson T. Hinke"" ""María Mercedes Santos"" ""Małgorzata Korczak-Abshire"" ""Gennadi P. Milinevsky"" [5] ""George M. Watters""","PLOS One number [1] ""12"" pages [1] ""e0226207""",10.1371/journal.pone.0226207,Individual variation in migratory movements of chinstrap penguins leads to widespread occupancy of ice-free winter habitats over the continental shelf and deep ocean basins of the Southern Ocean,,,,https://doi.org/10.1371/journal.pone.0226207,2019,article,
" ""John A. Macdonald"" ""Kerry J. Barton"" ""Peter Metcalf""","Polar Biology number [1] ""6"" pages [1] ""442--447""",10.1007/s00300-002-0363-1,"Chinstrap penguins (Pygoscelis antarctica) nesting on Sabrina Islet, Balleny Islands, Antarctica",,,,http://dx.doi.org/10.1007/s00300-002-0363-1,2002,article,
" ""José Antonio Gil-Delgado"" ""Jacob González-Solís"" ""Andrés Barbosa""","Antarctic Science number [1] ""2"" pages [1] ""303--306""",10.1017/S0954102012000752,"Populations of breeding birds in Byers Peninsula, Livingston Island, South Shetland Islands",,,,https://doi.org/10.1017/S0954102012000752,2013,article,
" ""Katarzyna Fudala"" ""Robert Józef Bialik""","Drones number [1] ""8"" pages [1] ""538""",https://doi.org/10.3390/drones7080538,"Identifying important bird and biodiversity areas in Antarctica using RPAS surveys—A case study of Cape Melville, King George Island, Antarctica",,,,https://doi.org/10.3390/drones7080538,2023,article,
" ""Katarzyna J. Chwedorzewska"" ""Małgorzata Korczak-Abshire""","Polish Polar Research number [1] ""1"" pages [1] ""45--60""",10.4202/ppres.2010.04,"Human impact upon the environment in the vicinity of Arctowski Station, King George Island, Antarctica",,,,https://journals.pan.pl/Content/108312/PDF/article-p45.pdf,2010,article,
" ""Kazimierz Sierakowski"" ""Małgorzata Korczak-Abshire"" ""Piotr Jadwiszczak""","Polish Polar Research number [1] ""2"" pages [1] ""231--262""",10.1515/popore-2017-0010,"Changes in bird communities of Admiralty Bay, King George Island (West Antarctic): Insights from monitoring data (1977--1996)",,,,https://doi.org/10.1515/popore-2017-0010,2017,article,
" ""M. Patricia Silva"" ""Marco Favero"" ""Ricardo J. Casaux"" ""Andrea Baroni""","Marine Ornithology number [1] ""1"" pages [1] ""75--78""",,"The status of breeding birds at Harmony Point, Nelson Island, Antarctica in summer 1995/96",,,,http://www.marineornithology.org/PDF/26/26_12.pdf,1998,article,
" ""Marco Favero"" ""Néstor R. Coria"" ""Maria Paula Beron""","Polish Polar Research number [1] ""3--4"" pages [1] ""181--187""",,"The status of breeding birds at Cierva Point and surroundings, Danco Coast, Antarctic Peninsula",,,,,2000,article,
" ""Maria Virgínia Petry"" ""Fernanda C. L. Valls"" ""Elisa S. Petersen"" ""Júlia V. G. Finger"" ""Lucas Krüger""","Antarctic Science pages [1] ""1--7""",10.1017/S0954102018000135,"Population trends of seabirds at Stinker Point, Elephant Island, Maritime Antarctica",,,,http://dx.doi.org/10.1017/S0954102018000135,2018,article,
" ""Mariana A. Juáres"" ""María Mercedes Santos"" ""Javier Negrete"" ""Jorge A. Mennucci"" ""Pablo J. Perchivale"" [6] ""Ricardo J. Casaux"" ""Néstor R. Coria""","Antarctic Science number [1] ""05"" pages [1] ""455--461""",10.1017/S0954102015000152,Adélie penguin population changes at Stranger Point: 19 years of monitoring,,,,http://dx.doi.org/10.1017/S0954102015000152,2015,article,
" ""Mariana A. Juáres"" ""Ricardo J. Casaux"" ""Javier Negrete"" ""Ayelen Rios"" ""Martín Castillo"" [6] ""Néstor R. Coria"" ""María Mercedes Santos""","Polar Biology number [1] ""2"" pages [1] ""123--129""",10.1007/s00300-019-02614-0,"Update of the population size and breeding performance of gentoo penguins (Pygoscelis papua) at Stranger Point/Cabo Funes, South Shetland Islands",,,,https://doi.org/10.1007/s00300-019-02614-0,2020,article,
" ""Martin Sander"" ""Tatiana Coelho Balbão"" ""Erli Schneider Costa"" ""Cesar Rodrigo Dos Santos"" ""Maria Virgínia Petry""","Polar Biology number [1] ""5"" pages [1] ""651--654""",10.1007/s00300-006-0218-2,"Decline of the breeding population of Pygoscelis antarctica and Pygoscelis adeliae on Penguin Island, South Shetland, Antarctica",,,,http://dx.doi.org/10.1007/s00300-006-0218-2,2007,article,
" ""María Mercedes Santos"" ""Jefferson T. Hinke"" ""Néstor R. Coria"" ""Bruno Fusaro"" ""Anahí Silvestro"" [6] ""Mariana A. Juáres""","Polar Biology number [1] ""11"" pages [1] ""2337--2342""",10.1007/s00300-018-2373-7,Abundance estimation of Adélie penguins at the Esperanza/Hope Bay mega colony,,,,https://doi.org/10.1007/s00300-018-2373-7,2018,article,
" ""María Susana Bó"" ""Sófia Copello""","Marine Ornithology number [1] ""1"" pages [1] ""39--42""",,"Distribution and abundance of breeding birds at Deception Island, South Shetland Islands, Antarctica, February to April 2000",,,,http://marineornithology.org/PDF/29_1/29_1_7.pdf,2001,article,
" ""Matthew Low"" ""Lisa Meyer"" ""Colin Southwell""","Polar Record number [1] ""03"" pages [1] ""225--229""",10.1017/S0032247407006365,"Number and distribution of Adélie penguin (Pygoscelis adeliae) breeding sites in the Robinson Group of islands, Mac.Robertson Land coast, east Antarctica",,,,http://dx.doi.org/10.1017/S0032247407006365,2007,article,
" ""Małgorzata Korczak-Abshire"" ""Anna Zmarz"" ""Mirosław Rodzewicz"" ""Marlena Kycko"" [5] ""Izabela Karsznia"" ""Katarzyna J. Chwedorzewska""","Polar Biology month [1] ""Jul"" pages [1] ""217--224""",10.1007/s00300-018-2379-1,"Study of fauna population changes on Penguin Island and Turret Point Oasis (King George Island, Antarctica) using an unmanned aerial vehicle",,,,https://doi.org/10.1007/s00300-018-2379-1,2018,article,
" ""Małgorzata Korczak-Abshire"" ""Michał Węgrzyn"" ""Piotr J. Angiel"" ""Maja Lisowska""","Polish Polar Research number [1] ""1"" pages [1] ""87--99""",10.2478/popore-2013-0002,"Pygoscelid penguins breeding distribution and population trends at Lions Rump rookery, King George Island",,,,http://journals.pan.pl/Content/99543/PDF/10183_Volume34_Issue1_06_paper.pdf,2013,article,
" ""Michael J. Dunn"" ""Jaume Forcada"" ""Jennifer A. Jackson"" ""Claire M. Waluda"" ""Camilla Nichol"" ""Philip N. Trathan""","Biodiversity and Conservation pages [1] ""37--53""",10.1007/s10531-018-1635-6,"A long-term study of gentoo penguin (Pygoscelis papua) population trends at a major Antarctic tourist site, Goudier Island, Port Lockroy",,,,https://doi.org/10.1007/s10531-018-1635-6,2019,article,
" ""Michael J. Dunn"" ""Jennifer A. Jackson"" ""Stacey Adlard"" ""Amanda S. Lynnes"" ""Dirk R. Briggs"" ""Derren Fox"" [7] ""Claire M. Waluda""","PLOS One number [1] ""10"" pages [1] ""e0164025""",10.1371/journal.pone.0164025,"Population size and decadal trends of three penguin species nesting at Signy Island, South Orkney Islands",,,,https://doi.org/10.1371/journal.pone.0164025,2016,article,
" ""Michelle A. LaRue"" ""Gerald L. Kooyman"" ""Heather J. Lynch"" ""Peter T. Fretwell""","Ecography number [1] ""2"" pages [1] ""114--120""",10.1111/ecog.00990,Emigration in emperor penguins: Implications for interpretation of long-term studies,,,,https://doi.org/10.1111/ecog.00990,2015,article,
" ""Noah Strycker"" ""Alex Borowicz"" ""Michael Wethington"" ""Steve Forrest"" ""Vikrant Shah"" ""Yang Liu"" [7] ""Hanumant Singh"" ""Heather J. Lynch""","Polar Biology pages [1] ""45--56""",10.1007/s00300-020-02774-4,"Fifty-year change in penguin abundance on Elephant Island, South Shetland Islands, Antarctica: Results of the 2019--20 census",,,,http://dx.doi.org/10.1007/s00300-020-02774-4,2020,article,
" ""Noah Strycker"" ""Michael Wethington"" ""Alex Borowicz"" ""Steve Forrest"" ""Chandi Witharana"" ""Tom Hart"" [7] ""Heather J. Lynch""","Scientific Reports number [1] ""1"" pages [1] ""1--11""",10.1038/s41598-020-76479-3,A global population assessment of the chinstrap penguin (Pygoscelis antarctica),,,,https://doi.org/10.1038/s41598-020-76479-3,2020,article,
" ""Néstor R. Coria"" ""Diego Montalti"" ""Emilce F. Rombolá"" ""María Mercedes Santos"" ""M. I. Garcia Betoño"" [6] ""Mariana A. Juáres""","Marine Ornithology number [1] ""2"" pages [1] ""207--213""",,"Birds at Laurie Island, South Orkney Islands, Antarctica: Breeding species and their distribution",,,,http://marineornithology.org/PDF/39_2/39_2_207-213.pdf,2011,article,
" ""Néstor R. Coria"" ""Marco Favero"" ""M. Patricia Silva"" ""Ricardo J. Casaux""","Marine Ornithology number [1] ""1"" pages [1] ""61--64""",,"Breeding birds at Duthoit Point, Nelson Island, South Shetland Islands, Antarctica",,,,http://marineornithology.org/PDF/23_1/MO_1995_10.pdf,1995,article,
" ""Paula Casanovas"" ""Ron Naveen"" ""Steve Forrest"" ""Jérôme Poncet"" ""Heather J. Lynch""","Polar Biology number [1] ""7"" pages [1] ""927--940""",10.1007/s00300-015-1651-x,A comprehensive coastal seabird survey maps out the front lines of ecological change on the western Antarctic Peninsula,,,,http://dx.doi.org/10.1007/s00300-015-1651-x,2015,article,
" ""Peter T. Fretwell"" ""Philip N. Trathan""","Remote Sensing in Ecology and Conservation number [1] ""2"" pages [1] ""139--153""",10.1002/rse2.176,Discovery of new colonies by Sentinel2 reveals good and bad news for emperor penguins,,,,https://doi.org/10.1002/rse2.176,2020,article,
" ""Peter T. Fretwell"" ""Philip N. Trathan"" ""Barbara Wienecke"" ""Gerald L. Kooyman""","PLOS One number [1] ""1"" pages [1] ""e85285""",10.1371/journal.pone.0085285,Emperor penguins breeding on iceshelves,,,,https://doi.org/10.1371/journal.pone.0085285,2014,article,
" ""Petr Lumpe"" ""Karel Weidinger""","Marine Ornithology pages [1] ""41--46""",,"Distribution, numbers and breeding of birds at the northern ice-free areas of nelson island, South Shetland Islands, Antarctica, 1990–1992",,,,http://www.marineornithology.org/content/get.cgi?rn=455,2000,article,
" ""Philip N. Trathan"" ""Peter T. Fretwell"" ""Bernard Stonehouse""","PLOS One number [1] ""2"" pages [1] ""e14738""",10.1371/journal.pone.0014738,First recorded loss of an emperor penguin colony in the recent period of Antarctic regional warming: Implications for other colonies,,,,http://dx.doi.org/10.1371/journal.pone.0014738,2011,article,
" ""Phillip Law""","Geographical Journal number [1] ""2"" pages [1] ""174--183""",10.2307/1793468,New ANARE landings in Australian Antarctic Territory 1960,,,,https://doi.org/10.2307/1793468,1962,article,
" ""Piotr Ciaputa"" ""Kazimierz Sierakowski""","Polish Polar Research number [1] ""4"" pages [1] ""355--365""",,"Long-term population changes of Adélie, chinstrap, and gentoo penguins in the regions of SSSI No.\ 8 and SSSI No.\ 34, King George Island, Antarctica",,,,,1999,article,
" ""R. D. Quintana"" ""V. Cirelli"" ""J. L. Orgeira""","Marine Ornithology number [1] ""1"" pages [1] ""21--27""",,"Abundance and spatial distribution of bird populations at Cierva Point, Antarctic Peninsula",,,,http://www.marineornithology.org/PDF/28_1/28_1_3.pdf,2000,article,
" ""R. H. Taylor"" ""Peter R. Wilson"" ""B. W. Thomas""","Polar Record number [1] ""159"" pages [1] ""293--304""",10.1017/S0032247400011803,Status and trends of Adélie penguin populations in the Ross Sea region,,,,http://dx.doi.org/10.1017/S0032247400011803,1990,article,
" ""Ron Naveen"" ""Heather J. Lynch"" ""Steve Forrest"" ""Thomas Mueller"" ""Michael J. Polito""","Polar Biology number [1] ""12"" pages [1] ""1879--1888""",10.1007/s00300-012-1230-3,"First direct, site-wide penguin survey at Deception Island, Antarctica, suggests significant declines in breeding chinstrap penguins",,,,http://dx.doi.org/10.1007/s00300-012-1230-3,2012,article,
" ""Rudolf Bannasch"" ""R. Odening""","Geodätische und Geophysikalische Veröffentlichungen number [1] ""1"" pages [1] ""3--20""",,"Zoologische untersuchungen im gebiet der sowjetischen Antarktisstation.Bellingshause.""""",,,,,1981,article,
" ""S. Hahn"" ""Hans-Ulrich Peter"" ""P. Quillfeldt"" ""K. Reinhardt""","Marine Ornithology number [1] ""1--2"" pages [1] ""1--6""",,"The birds of the Potter Peninsula, King George Island, South Shetland Islands, Antarctica, 1965--1998",,,,http://marineornithology.org/PDF/26/26_1.pdf,1998,article,
" ""Sally Poncet"" ""Jérôme Poncet""","British Antarctic Survey Bulletin pages [1] ""109--129""",,Censuses of penguin populations of the Antarctic Peninsula 1983-1987,,,,,1987,article,
" ""Sally Poncet"" ""Jérôme Poncet""","British Antarctic Survey Bulletin pages [1] ""71--81""",,A survey of penguin breeding populations at the South Orkey Islands,,,,,1985,article,
" ""Shingo Ishikawa"" ""Osamu Matsuda"" ""Kouichi Kawagushi""","Antarctic Record number [1] ""3"" pages [1] ""302--307""",,"Adélie penguin census in the 1984-85 breeding season near Syowa Station, Antarctica with reference to the banding effect on the population",,,,http://id.nii.ac.jp/1291/00008600/,1988,article,
" ""Silvia Olmastroni"" ""Francesco Ferretti"" ""Lucia Burrini"" ""Nicoletta Ademollo"" ""Niccolò Fattorini""","Diversity number [1] ""6"" pages [1] ""429""",10.3390/d14060429,"Breeding Ecology of Adélie Penguins in Mid Victoria Land, Ross Sea Antarctica",,,,https://doi.org/10.3390/d14060429,2022,article,
" ""Silvia Olmastroni"" ""Niccolò Fattorini"" ""Francesco Pezzo"" ""Silvano Focardi""","Antarctic Science number [1] ""3"" pages [1] ""199--209""",10.1017/S0954102020000085,Gone fishing: Adélie penguin site-specific foraging tactics and breeding performance,,,,https://doi.org/10.1017/S0954102020000085,2020,article,
" ""Simone Pfeiffer"" ""Hans-Ulrich Peter""","Polar Record number [1] ""04"" pages [1] ""345--353""",10.1017/S0032247404003845,"Ecological studies toward the management of an Antarctic tourist landing site (Penguin Island, South Shetland Islands)",,,,http://dx.doi.org/10.1017/S0032247404003845,2004,article,
" ""Sonia C. Tidemann"" ""Adam Walleyn"" ""John F. Ryan""","Australian Field Ornithology number [1] ""4"" pages [1] ""169""",,"Observations of penguins and other pelagic bird species in the Balleny Islands, Antarctica",,,,https://search.informit.org/doi/abs/10.3316/INFORMIT.716199646201503,2015,article,
" ""Steven D. Emslie"" ""William R. Fraser"" ""Raymond C. Smith"" ""William Walker""","Antarctic Science number [1] ""3"" pages [1] ""257--268""",10.1017/S0954102098000352,"Abandoned penguin colonies and environmental change in the Palmer Station area, Anvers Island, Antarctic Peninsula",,,,http://dx.doi.org/10.1017/S0954102098000352,1998,article,
" ""T. Micol"" ""P. Jouventin""","Polar Biology number [1] ""3"" pages [1] ""175--185""",10.1007/s003000000193,Long-term population trends in seven Antarctic seabirds at Pointe Géologie (Terre Adélie) Human impact compared with environmental change,,,,http://dx.doi.org/10.1007/s003000000193,2001,article,
" ""Takao Hoshiai"" ""Tatsuo Sweda"" ""Atsushi Tanimura"" ""Christophe Barbraud""","Memoirs of National Institute of Polar Research pages [1] ""117--121""",,"Adélie penguin census in the 1981-82 and 1982-1983 breeding seasons near Syowa Station, Antarctica [Special issue]",,,,http://id.nii.ac.jp/1291/00001621/,1984,article,
" ""Takao Hoshiai"" ""Tatsuro Matsuda""","Memoirs of National Institute of Polar Research pages [1] ""140--152""",,Adélie penguin rookeries in the Lutzow-Holm Bay area and relation of rookery to algal biomass in soil,,,,,1979,article,
" ""W. D. Shuford"" ""Larry B. Spear""","British Antarctic Survey Bulletin pages [1] ""19--30""",,"Surveys of breeding Chinstrap penguins in the South Shetland Island, Antarctica",,,,,1988,article,
" ""Wojciech Starck""","Polish Polar Research number [1] ""2--3"" pages [1] ""183--196""",,The avifauna of Haswell Island (East Antarctica) in the summer of 1978/1979,,,,,1980,article,
" ""Yuuki Y. Watanabe"" ""Kentaro Ito"" ""Nobuo Kokubun"" ""Akinori Takahashi""","Science Advances number [1] ""26"" pages [1] ""eaba4828""",10.1126/sciadv.aba4828,Foraging behavior links sea ice to breeding success in Antarctic penguins,,,,https://doi.org/10.1126/sciadv.aba4828,2020,article,
" ""Zhang Zhengwang"" ""Zheng Guangmei""","Journal of Beijing Normal University number [1] ""1"" pages [1] ""1--4""",,Population size and distribution of penguins at Chinese Great Wall Station in Antarctica,,,,,1997,article,